firstName,lastName,gender,country
zhwr,mjd,F,IQ
Kati,Benedek,F,HU
Eleutheria,Thanasis,F,GR
Godelieve,Nizeyimana,F,BI
Frank,Trierweiler,M,LU
Andres,Hidalgo,M,CO
Mejia,Vielman,M,GT
Amandio,Rosado,M,PT
Slavoljub,Radojkovic,M,RS
Blerta,Asani,F,CH
Abi,Haq,F,SA
Esger,Babayev,M,AZ
Zac,Gibson,M,CA
Stepan,Piotrowska,M,PL
Valtyr,Sigurbjornsson,M,IS
Metin,Vassileva,M,BG
Murtala,Damilola,M,NG
Saher,Aharon,M,IL
Kajal,Mughal,F,KW
Adrijana,Grigaliunaite,F,LT
Karima,Chauvet,F,FR
Yasmina,Lebrun,F,BE
Heart,Sicat,F,PH
Ni,Fink,F,DE
nwr,SbHy,M,EG
Kolia,Sebkova,M,CZ
Jean Paul,Delfosse,M,BE
Micheline,Kennedy,F,CA
Lengyel,Karpati,M,HU
Kevser,Hauge,F,DK
Tamara,Smagulov,F,KZ
Idan,Haile,M,PS
Srdja,Muratovic,M,RS
Arik,Hn,M,PS
Fatoom,Kutty,F,AE
Kari Anne,Bjorge,F,NO
Yanet,Alonso,F,CL
Jilma,Arcia,F,PA
Dumisani,Modikwa,M,BW
Yuriy,Ramazanov,M,RU
Tali,Bassam,F,PS
Sonia,Sanches,F,MX
Kin Chung,Hati,M,HK
Haslina,Johari,F,MY
Aguus,Carneiro,F,UY
Lyn,Lo,F,MY
Juhani,Nurmsalu,M,EE
Rinat,Babaeva,M,TM
Dedy,Ibrahimu,F,BI
Dawuda,Vida,M,GH
Viljam,Eklund,M,FI
Cem,Djordjevic,M,AT
Borko,Vukman,M,HR
Leposava,Bibic,F,RS
Marta,Flis,F,PL
Nikita,Treier,M,EE
Sorin,Power,M,IE
bhaarmy,nnaamaa,F,KH
Colleen,Wilmot,F,JM
Fergus,Carter,M,IE
Bella,Zainudin,F,MY
Sreyneang,hung,F,KH
Xiaohong,Chuang,F,CN
Felix,Altamirano,M,MX
smh,Mon,M,SA
Shadi,Zakaria,M,LB
Elsa,Ibanez,F,CO
yeonhyi,Seol,F,KR
Alauddin,Shaji,M,BH
Kathryn,Hayes,F,CA
Maria Del Carmen,Serra,F,ES
yh,Yousif,F,IQ
Jhan,Revilla,M,PH
Ansar,Baloch,M,SA
Ilja,Misevicius,M,LT
Mhai,Florendo,F,PH
Sona,Tripathi,F,IN
Onome,Cynthia,F,NG
Premysl,Zelenka,M,CZ
yumi,Nadhilah,F,KR
Paulus,Sianturi,M,ID
Loukman,Guirreh,M,DJ
Jun Wei,Riyanto,M,TW
Seppo,Gronlund,M,SE
Aram,Akhmedova,M,RU
Jeremia,Hailonga,M,NA
Jose Pedro,Gouveia,M,AO
Suleyman,Memmedzade,M,AZ
Irshad,Waqas,M,BH
avejis,Rustamov,M,GE
Raelo,Towing,M,PR
Vasilika,Rustemi,F,AL
Niragira Asensio,Nduwarugira,M,BI
hny,lGzly,M,IQ
Ma,Orlandi,F,IT
Frantz,Hartmann,M,DK
Ilko,Stoev,M,BG
Herculano,Ramalho,M,PT
Sima,Saeedi,F,IR
jll,Omar,M,SD
